<?xml version="1.0"?>
<data grt_format="2.0">
  <value _ptr_="000002575E12A180" type="list" content-type="object" content-struct-name="db.mgmt.Connection">
    <value type="object" struct-name="db.mgmt.Connection" id="{DD09CD25-ABB8-4EDE-997A-AA12B5389739}" struct-checksum="0x96ba47d8">
      <link type="object" struct-name="db.mgmt.Driver" key="driver">com.mysql.rdbms.mysql.driver.native</link>
      <value type="string" key="hostIdentifier">Mysql@localhost:3306</value>
      <value type="int" key="isDefault">0</value>
      <value _ptr_="000002575E8D9490" type="dict" key="modules"/>
      <value _ptr_="000002575E8D94F0" type="dict" key="parameterValues">
        <value type="string" key="hostName">localhost</value>
        <value type="int" key="lastConnected">1602736839</value>
        <value type="int" key="port">3306</value>
        <value type="string" key="serverVersion">8.0.21</value>
        <value type="string" key="userName">root</value>
      </value>
      <value type="string" key="name">Local instance MySQL80</value>
      <link type="object" struct-name="GrtObject" key="owner">{EE720622-E48C-459E-8ABB-4A584F0EE843}</link>
    </value>
  </value>
</data>
